,GOT_HIT,NOT_HIT,1_AGO,2_AGO,3_AGO,4_AGO,5_AGO,6_AGO,7_AGO,P_ID,G_ID,BAT_ORDER,G_DATE,TEAM,hist_AB,hist_H,starting_P_ID,GS1AGO,GS2AGO,GS3AGO
380722,0,1,0,0,0,1,1,1,1,452655,2017_05_31_wasmlb_sfnmlb_1,100,2017-05-31,Giants,9,3,453286,86.0,41.0,57.0
380723,1,0,1,1,0,1,1,1,1,456488,2017_05_31_wasmlb_sfnmlb_1,200,2017-05-31,Giants,3,0,453286,86.0,41.0,57.0
380724,1,0,0,1,0,1,0,1,1,474832,2017_05_31_wasmlb_sfnmlb_1,300,2017-05-31,Giants,5,1,453286,86.0,41.0,57.0
380725,1,0,1,1,0,0,0,0,1,457763,2017_05_31_wasmlb_sfnmlb_1,400,2017-05-31,Giants,2,0,453286,86.0,41.0,57.0
380726,0,1,1,1,1,0,1,1,1,543063,2017_05_31_wasmlb_sfnmlb_1,500,2017-05-31,Giants,5,1,453286,86.0,41.0,57.0
380727,0,1,1,1,0,0,1,1,1,593525,2017_05_31_wasmlb_sfnmlb_1,600,2017-05-31,Giants,0,0,453286,86.0,41.0,57.0
380728,1,0,1,0,1,0,0,0,0,605412,2017_05_31_wasmlb_sfnmlb_1,700,2017-05-31,Giants,3,0,453286,86.0,41.0,57.0
380729,0,1,1,1,1,1,0,0,1,491676,2017_05_31_wasmlb_sfnmlb_1,800,2017-05-31,Giants,0,0,453286,86.0,41.0,57.0
380730,0,1,0,0,1,0,0,0,0,430912,2017_05_31_wasmlb_sfnmlb_1,900,2017-05-31,Giants,1,0,453286,86.0,41.0,57.0
380731,0,1,1,0,0,0,0,0,1,431094,2017_05_31_wasmlb_sfnmlb_1,901,2017-05-31,Giants,8,2,453286,86.0,41.0,57.0
380732,0,1,1,1,1,1,1,1,1,502004,2017_05_31_wasmlb_sfnmlb_1,902,2017-05-31,Giants,0,0,453286,86.0,41.0,57.0
380733,0,1,1,1,1,1,1,1,1,519326,2017_05_31_wasmlb_sfnmlb_1,903,2017-05-31,Giants,0,0,453286,86.0,41.0,57.0
380734,1,0,0,0,0,1,0,1,0,605509,2017_05_31_wasmlb_sfnmlb_1,904,2017-05-31,Giants,0,0,453286,86.0,41.0,57.0
380735,0,1,1,1,1,1,1,1,1,453343,2017_05_31_wasmlb_sfnmlb_1,905,2017-05-31,Giants,0,0,453286,86.0,41.0,57.0
380736,1,0,1,0,1,1,1,0,1,607208,2017_05_31_wasmlb_sfnmlb_1,100,2017-05-31,Nationals,6,1,430912,63.0,22.0,66.0
380737,0,1,1,0,0,1,0,1,0,150029,2017_05_31_wasmlb_sfnmlb_1,200,2017-05-31,Nationals,6,1,430912,63.0,22.0,66.0
380738,1,0,1,1,0,0,1,1,1,502517,2017_05_31_wasmlb_sfnmlb_1,300,2017-05-31,Nationals,16,2,430912,63.0,22.0,66.0
380739,1,0,1,1,1,1,0,1,1,475582,2017_05_31_wasmlb_sfnmlb_1,400,2017-05-31,Nationals,14,2,430912,63.0,22.0,66.0
380740,1,0,1,1,0,1,1,1,1,543685,2017_05_31_wasmlb_sfnmlb_1,500,2017-05-31,Nationals,7,0,430912,63.0,22.0,66.0
380741,1,0,1,1,0,0,1,0,1,446308,2017_05_31_wasmlb_sfnmlb_1,600,2017-05-31,Nationals,5,1,430912,63.0,22.0,66.0
380742,0,1,1,1,0,0,1,1,1,571718,2017_05_31_wasmlb_sfnmlb_1,700,2017-05-31,Nationals,0,0,430912,63.0,22.0,66.0
380743,1,0,1,0,0,1,1,0,1,572191,2017_05_31_wasmlb_sfnmlb_1,800,2017-05-31,Nationals,3,0,430912,63.0,22.0,66.0
380744,1,0,0,0,0,1,1,0,0,453286,2017_05_31_wasmlb_sfnmlb_1,900,2017-05-31,Nationals,1,0,430912,63.0,22.0,66.0
380745,1,0,1,0,1,1,1,1,0,451594,2017_05_31_lanmlb_slnmlb_1,100,2017-05-31,Cardinals,5,1,547943,60.0,41.0,10.0
380746,0,1,1,1,0,1,1,0,1,572761,2017_05_31_lanmlb_slnmlb_1,200,2017-05-31,Cardinals,8,2,547943,60.0,41.0,10.0
380747,0,1,1,0,1,1,1,1,1,425877,2017_05_31_lanmlb_slnmlb_1,300,2017-05-31,Cardinals,4,1,547943,60.0,41.0,10.0
380748,0,1,0,1,0,0,1,1,0,576397,2017_05_31_lanmlb_slnmlb_1,400,2017-05-31,Cardinals,10,0,547943,60.0,41.0,10.0
380749,1,0,0,1,1,1,1,1,0,502054,2017_05_31_lanmlb_slnmlb_1,500,2017-05-31,Cardinals,1,1,547943,60.0,41.0,10.0
380750,1,0,0,0,1,1,1,0,1,572039,2017_05_31_lanmlb_slnmlb_1,600,2017-05-31,Cardinals,2,0,547943,60.0,41.0,10.0
380751,1,0,0,1,1,0,0,1,1,657557,2017_05_31_lanmlb_slnmlb_1,700,2017-05-31,Cardinals,0,0,547943,60.0,41.0,10.0
380752,0,1,0,1,1,1,1,1,1,649557,2017_05_31_lanmlb_slnmlb_1,800,2017-05-31,Cardinals,2,0,547943,60.0,41.0,10.0
380753,0,1,0,0,1,1,0,0,0,593372,2017_05_31_lanmlb_slnmlb_1,900,2017-05-31,Cardinals,3,2,547943,60.0,41.0,10.0
380754,0,1,1,0,0,1,0,0,1,500874,2017_05_31_lanmlb_slnmlb_1,901,2017-05-31,Cardinals,0,0,547943,60.0,41.0,10.0
380755,0,1,1,1,1,1,1,1,1,493200,2017_05_31_lanmlb_slnmlb_1,902,2017-05-31,Cardinals,0,0,547943,60.0,41.0,10.0
380756,0,1,1,1,0,0,0,0,1,523253,2017_05_31_lanmlb_slnmlb_1,100,2017-05-31,Dodgers,0,0,593372,62.0,93.0,54.0
380757,1,0,1,1,0,1,0,1,0,608369,2017_05_31_lanmlb_slnmlb_1,200,2017-05-31,Dodgers,3,2,593372,62.0,93.0,54.0
380758,1,0,1,1,1,1,1,0,1,518735,2017_05_31_lanmlb_slnmlb_1,300,2017-05-31,Dodgers,9,1,593372,62.0,93.0,54.0
380759,1,0,1,1,1,1,1,1,1,408236,2017_05_31_lanmlb_slnmlb_1,400,2017-05-31,Dodgers,17,3,593372,62.0,93.0,54.0
380760,0,1,0,0,0,0,1,0,1,518649,2017_05_31_lanmlb_slnmlb_1,401,2017-05-31,Dodgers,0,0,593372,62.0,93.0,54.0
380761,0,1,1,1,1,1,1,1,0,400284,2017_05_31_lanmlb_slnmlb_1,500,2017-05-31,Dodgers,8,0,593372,62.0,93.0,54.0
380762,0,1,0,1,1,0,0,1,1,641355,2017_05_31_lanmlb_slnmlb_1,600,2017-05-31,Dodgers,0,0,593372,62.0,93.0,54.0
380763,1,0,1,0,1,1,0,1,1,621035,2017_05_31_lanmlb_slnmlb_1,700,2017-05-31,Dodgers,0,0,593372,62.0,93.0,54.0
380764,1,0,1,0,1,1,0,1,0,571771,2017_05_31_lanmlb_slnmlb_1,800,2017-05-31,Dodgers,3,1,593372,62.0,93.0,54.0
380765,0,1,0,1,0,1,0,1,0,547943,2017_05_31_lanmlb_slnmlb_1,900,2017-05-31,Dodgers,4,0,593372,62.0,93.0,54.0
380766,0,1,1,1,0,0,1,0,0,605131,2017_05_31_lanmlb_slnmlb_1,901,2017-05-31,Dodgers,0,0,593372,62.0,93.0,54.0
380767,0,1,0,1,1,0,1,1,0,548389,2017_05_31_lanmlb_slnmlb_1,902,2017-05-31,Dodgers,0,0,593372,62.0,93.0,54.0
380768,1,0,1,1,1,1,1,1,1,543829,2017_05_31_phimlb_miamlb_1,100,2017-05-31,Marlins,3,1,605400,38.0,72.0,32.0
380769,0,1,0,1,1,1,0,1,1,518568,2017_05_31_phimlb_miamlb_1,101,2017-05-31,Marlins,0,0,605400,38.0,72.0,32.0
380770,1,0,1,1,1,1,1,0,1,595375,2017_05_31_phimlb_miamlb_1,200,2017-05-31,Marlins,0,0,605400,38.0,72.0,32.0
380771,1,0,1,0,1,1,1,1,0,592885,2017_05_31_phimlb_miamlb_1,300,2017-05-31,Marlins,5,1,605400,38.0,72.0,32.0
380772,1,0,1,0,1,1,0,1,1,542303,2017_05_31_phimlb_miamlb_1,400,2017-05-31,Marlins,8,1,605400,38.0,72.0,32.0
380773,1,0,1,1,1,0,1,1,1,571506,2017_05_31_phimlb_miamlb_1,500,2017-05-31,Marlins,7,1,605400,38.0,72.0,32.0
380774,1,0,0,1,1,0,0,0,1,518618,2017_05_31_phimlb_miamlb_1,600,2017-05-31,Marlins,8,1,605400,38.0,72.0,32.0
380775,1,0,1,0,0,0,1,1,0,454560,2017_05_31_phimlb_miamlb_1,700,2017-05-31,Marlins,0,0,605400,38.0,72.0,32.0
380776,1,0,0,1,1,0,0,0,1,400085,2017_05_31_phimlb_miamlb_1,800,2017-05-31,Marlins,4,0,605400,38.0,72.0,32.0
380777,0,1,1,0,0,0,1,0,0,573185,2017_05_31_phimlb_miamlb_1,900,2017-05-31,Marlins,0,0,605400,38.0,72.0,32.0
380778,0,1,1,1,1,1,1,1,1,446899,2017_05_31_phimlb_miamlb_1,901,2017-05-31,Marlins,0,0,605400,38.0,72.0,32.0
380779,0,1,1,1,1,1,1,1,0,623395,2017_05_31_phimlb_miamlb_1,902,2017-05-31,Marlins,0,0,605400,38.0,72.0,32.0
380780,1,0,0,1,0,1,1,1,1,514917,2017_05_31_phimlb_miamlb_1,100,2017-05-31,Phillies,3,0,573185,47.0,53.0,69.0
380781,1,0,1,1,1,1,1,0,0,571437,2017_05_31_phimlb_miamlb_1,200,2017-05-31,Phillies,0,0,573185,47.0,53.0,69.0
380782,1,0,1,1,1,1,0,1,1,435062,2017_05_31_phimlb_miamlb_1,300,2017-05-31,Phillies,17,5,573185,47.0,53.0,69.0
380783,1,0,0,0,1,1,0,1,0,571830,2017_05_31_phimlb_miamlb_1,400,2017-05-31,Phillies,0,0,573185,47.0,53.0,69.0
380784,1,0,1,1,1,0,1,1,1,595284,2017_05_31_phimlb_miamlb_1,500,2017-05-31,Phillies,0,0,573185,47.0,53.0,69.0
380785,1,0,0,1,0,0,1,0,1,596748,2017_05_31_phimlb_miamlb_1,600,2017-05-31,Phillies,3,1,573185,47.0,53.0,69.0
380786,1,0,1,0,0,1,0,0,1,546318,2017_05_31_phimlb_miamlb_1,700,2017-05-31,Phillies,3,1,573185,47.0,53.0,69.0
380787,1,0,0,0,1,1,0,1,0,520471,2017_05_31_phimlb_miamlb_1,800,2017-05-31,Phillies,3,1,573185,47.0,53.0,69.0
380788,0,1,0,0,0,0,1,1,0,605400,2017_05_31_phimlb_miamlb_1,900,2017-05-31,Phillies,0,0,573185,47.0,53.0,69.0
380789,0,1,1,1,1,1,1,1,1,620982,2017_05_31_phimlb_miamlb_1,901,2017-05-31,Phillies,0,0,573185,47.0,53.0,69.0
380790,0,1,1,1,1,1,1,1,1,491646,2017_05_31_phimlb_miamlb_1,902,2017-05-31,Phillies,0,0,573185,47.0,53.0,69.0
380791,1,0,0,0,1,1,0,1,1,459431,2017_05_31_phimlb_miamlb_1,903,2017-05-31,Phillies,8,1,573185,47.0,53.0,69.0
380792,0,1,1,1,1,1,1,1,1,450212,2017_05_31_phimlb_miamlb_1,904,2017-05-31,Phillies,0,0,573185,47.0,53.0,69.0
380793,0,1,1,1,1,1,1,1,1,276542,2017_05_31_phimlb_miamlb_1,905,2017-05-31,Phillies,0,0,573185,47.0,53.0,69.0
380794,0,1,0,1,0,0,0,1,0,595426,2017_05_31_phimlb_miamlb_1,906,2017-05-31,Phillies,0,0,573185,47.0,53.0,69.0
380795,1,0,0,1,1,1,1,1,1,581527,2017_05_31_cinmlb_tormlb_1,100,2017-05-31,Blue Jays,0,0,534947,86.0,32.0,24.0
380796,1,0,0,1,1,0,0,0,1,485567,2017_05_31_cinmlb_tormlb_1,200,2017-05-31,Blue Jays,0,0,534947,86.0,32.0,24.0
380797,1,0,1,1,1,1,0,1,1,430832,2017_05_31_cinmlb_tormlb_1,300,2017-05-31,Blue Jays,0,0,534947,86.0,32.0,24.0
380798,0,1,1,1,0,1,1,1,1,434778,2017_05_31_cinmlb_tormlb_1,400,2017-05-31,Blue Jays,0,0,534947,86.0,32.0,24.0
380799,0,1,0,1,1,1,1,1,1,475253,2017_05_31_cinmlb_tormlb_1,500,2017-05-31,Blue Jays,0,0,534947,86.0,32.0,24.0
380800,1,0,1,1,1,1,1,0,1,431145,2017_05_31_cinmlb_tormlb_1,600,2017-05-31,Blue Jays,0,0,534947,86.0,32.0,24.0
380801,0,1,1,1,1,0,0,1,1,458085,2017_05_31_cinmlb_tormlb_1,700,2017-05-31,Blue Jays,2,0,534947,86.0,32.0,24.0
380802,0,1,0,0,1,0,0,1,1,607680,2017_05_31_cinmlb_tormlb_1,701,2017-05-31,Blue Jays,0,0,534947,86.0,32.0,24.0
380803,1,0,1,0,1,1,1,1,0,572365,2017_05_31_cinmlb_tormlb_1,800,2017-05-31,Blue Jays,0,0,534947,86.0,32.0,24.0
380804,1,0,0,0,0,0,0,1,1,571912,2017_05_31_cinmlb_tormlb_1,900,2017-05-31,Blue Jays,0,0,534947,86.0,32.0,24.0
380805,0,1,1,1,1,1,1,0,0,502211,2017_05_31_cinmlb_tormlb_1,0,2017-05-31,Blue Jays,0,0,534947,86.0,32.0,24.0
380806,0,1,1,1,1,1,1,1,1,571901,2017_05_31_cinmlb_tormlb_1,0,2017-05-31,Blue Jays,0,0,534947,86.0,32.0,24.0
380807,0,1,1,1,1,1,1,1,1,276351,2017_05_31_cinmlb_tormlb_1,0,2017-05-31,Blue Jays,0,0,534947,86.0,32.0,24.0
380808,0,1,1,1,1,1,1,1,1,501925,2017_05_31_cinmlb_tormlb_1,0,2017-05-31,Blue Jays,0,0,534947,86.0,32.0,24.0
380809,0,1,1,1,1,1,1,1,1,532077,2017_05_31_cinmlb_tormlb_1,0,2017-05-31,Blue Jays,0,0,534947,86.0,32.0,24.0
380810,0,1,1,1,1,1,0,0,1,571740,2017_05_31_cinmlb_tormlb_1,100,2017-05-31,Reds,2,0,502211,41.0,31.0,33.0
380811,1,0,1,0,1,1,1,1,1,446359,2017_05_31_cinmlb_tormlb_1,200,2017-05-31,Reds,3,0,502211,41.0,31.0,33.0
380812,1,0,1,0,1,0,0,1,1,458015,2017_05_31_cinmlb_tormlb_1,300,2017-05-31,Reds,3,1,502211,41.0,31.0,33.0
380813,0,1,1,1,1,0,1,1,1,594807,2017_05_31_cinmlb_tormlb_1,400,2017-05-31,Reds,2,1,502211,41.0,31.0,33.0
380814,1,0,0,1,0,1,1,0,1,553993,2017_05_31_cinmlb_tormlb_1,500,2017-05-31,Reds,2,0,502211,41.0,31.0,33.0
380815,1,0,1,1,1,0,1,0,0,594988,2017_05_31_cinmlb_tormlb_1,600,2017-05-31,Reds,0,0,502211,41.0,31.0,33.0
380816,0,1,0,0,1,1,1,0,1,571697,2017_05_31_cinmlb_tormlb_1,700,2017-05-31,Reds,10,4,502211,41.0,31.0,33.0
380817,1,0,1,0,1,1,1,0,1,571466,2017_05_31_cinmlb_tormlb_1,800,2017-05-31,Reds,2,0,502211,41.0,31.0,33.0
380818,0,1,0,0,1,1,0,0,0,623182,2017_05_31_cinmlb_tormlb_1,801,2017-05-31,Reds,0,0,502211,41.0,31.0,33.0
380819,1,0,1,0,1,1,1,1,1,606299,2017_05_31_cinmlb_tormlb_1,900,2017-05-31,Reds,0,0,502211,41.0,31.0,33.0
380820,0,1,0,0,1,0,0,1,0,534947,2017_05_31_cinmlb_tormlb_1,0,2017-05-31,Reds,0,0,502211,41.0,31.0,33.0
380821,0,1,1,1,1,1,1,1,1,593974,2017_05_31_cinmlb_tormlb_1,0,2017-05-31,Reds,0,0,502211,41.0,31.0,33.0
380822,0,1,1,1,1,1,1,1,1,519322,2017_05_31_cinmlb_tormlb_1,0,2017-05-31,Reds,0,0,502211,41.0,31.0,33.0
380823,1,0,1,1,0,1,1,1,1,425783,2017_05_31_tbamlb_texmlb_1,100,2017-05-31,Rangers,10,2,502042,79.0,59.0,27.0
380824,0,1,0,0,1,0,1,1,0,607387,2017_05_31_tbamlb_texmlb_1,101,2017-05-31,Rangers,0,0,502042,79.0,59.0,27.0
380825,1,0,1,1,1,1,1,1,0,462101,2017_05_31_tbamlb_texmlb_1,200,2017-05-31,Rangers,14,5,502042,79.0,59.0,27.0
380826,1,0,1,1,1,0,1,1,0,608577,2017_05_31_tbamlb_texmlb_1,300,2017-05-31,Rangers,0,0,502042,79.0,59.0,27.0
380827,1,0,1,1,1,0,1,1,1,134181,2017_05_31_tbamlb_texmlb_1,400,2017-05-31,Rangers,14,1,502042,79.0,59.0,27.0
380828,0,1,0,1,0,1,0,1,1,592261,2017_05_31_tbamlb_texmlb_1,401,2017-05-31,Rangers,6,1,502042,79.0,59.0,27.0
380829,1,0,0,1,1,1,1,1,1,596059,2017_05_31_tbamlb_texmlb_1,500,2017-05-31,Rangers,7,1,502042,79.0,59.0,27.0
380830,0,1,1,0,1,1,0,0,1,518960,2017_05_31_tbamlb_texmlb_1,600,2017-05-31,Rangers,0,0,502042,79.0,59.0,27.0
380831,0,1,1,1,1,1,1,0,1,608336,2017_05_31_tbamlb_texmlb_1,700,2017-05-31,Rangers,0,0,502042,79.0,59.0,27.0
380832,1,0,0,0,1,0,1,1,1,435063,2017_05_31_tbamlb_texmlb_1,800,2017-05-31,Rangers,21,1,502042,79.0,59.0,27.0
380833,0,1,1,0,1,0,1,1,1,518902,2017_05_31_tbamlb_texmlb_1,801,2017-05-31,Rangers,0,0,502042,79.0,59.0,27.0
380834,0,1,1,0,1,0,0,1,1,592419,2017_05_31_tbamlb_texmlb_1,900,2017-05-31,Rangers,0,0,502042,79.0,59.0,27.0
380835,0,1,1,1,1,1,1,1,1,502212,2017_05_31_tbamlb_texmlb_1,0,2017-05-31,Rangers,0,0,502042,79.0,59.0,27.0
380836,0,1,1,1,1,1,1,1,1,502026,2017_05_31_tbamlb_texmlb_1,0,2017-05-31,Rangers,0,0,502042,79.0,59.0,27.0
380837,0,1,1,1,1,1,1,1,1,592222,2017_05_31_tbamlb_texmlb_1,0,2017-05-31,Rangers,0,0,502042,79.0,59.0,27.0
380838,0,1,1,1,1,1,1,1,1,456713,2017_05_31_tbamlb_texmlb_1,0,2017-05-31,Rangers,0,0,502042,79.0,59.0,27.0
380839,0,1,1,1,1,1,1,1,1,473879,2017_05_31_tbamlb_texmlb_1,0,2017-05-31,Rangers,0,0,502042,79.0,59.0,27.0
380840,1,0,1,1,1,1,1,1,0,572816,2017_05_31_tbamlb_texmlb_1,100,2017-05-31,Rays,0,0,502212,38.0,44.0,64.0
380841,1,0,1,0,1,1,1,1,1,595281,2017_05_31_tbamlb_texmlb_1,200,2017-05-31,Rays,0,0,502212,38.0,44.0,64.0
380842,1,0,0,1,1,0,0,1,1,446334,2017_05_31_tbamlb_texmlb_1,300,2017-05-31,Rays,0,0,502212,38.0,44.0,64.0
380843,1,0,0,0,1,1,1,0,1,489149,2017_05_31_tbamlb_texmlb_1,400,2017-05-31,Rays,0,0,502212,38.0,44.0,64.0
380844,1,0,1,1,1,0,1,1,1,519306,2017_05_31_tbamlb_texmlb_1,500,2017-05-31,Rays,0,0,502212,38.0,44.0,64.0
380845,1,0,0,1,1,1,1,1,1,458675,2017_05_31_tbamlb_texmlb_1,600,2017-05-31,Rays,0,0,502212,38.0,44.0,64.0
380846,0,1,1,0,1,1,0,1,0,430001,2017_05_31_tbamlb_texmlb_1,601,2017-05-31,Rays,0,0,502212,38.0,44.0,64.0
380847,0,1,1,1,0,0,1,0,1,605480,2017_05_31_tbamlb_texmlb_1,602,2017-05-31,Rays,0,0,502212,38.0,44.0,64.0
380848,0,1,1,1,1,1,1,0,1,542921,2017_05_31_tbamlb_texmlb_1,700,2017-05-31,Rays,0,0,502212,38.0,44.0,64.0
380849,1,0,0,1,0,0,0,0,1,519083,2017_05_31_tbamlb_texmlb_1,800,2017-05-31,Rays,0,0,502212,38.0,44.0,64.0
380850,1,0,1,1,0,1,1,0,1,621002,2017_05_31_tbamlb_texmlb_1,900,2017-05-31,Rays,0,0,502212,38.0,44.0,64.0
380851,0,1,1,1,1,1,1,1,1,502042,2017_05_31_tbamlb_texmlb_1,0,2017-05-31,Rays,0,0,502212,38.0,44.0,64.0
380852,0,1,1,1,1,1,1,1,1,643493,2017_05_31_tbamlb_texmlb_1,0,2017-05-31,Rays,0,0,502212,38.0,44.0,64.0
380853,0,1,1,1,1,1,1,1,1,517008,2017_05_31_tbamlb_texmlb_1,0,2017-05-31,Rays,0,0,502212,38.0,44.0,64.0
380854,1,0,1,1,1,0,1,1,1,624424,2017_05_31_milmlb_nynmlb_1,100,2017-05-31,Mets,0,0,448855,58.0,48.0,30.0
380855,1,0,1,1,1,0,1,0,0,452678,2017_05_31_milmlb_nynmlb_1,200,2017-05-31,Mets,3,0,448855,58.0,48.0,30.0
380856,0,1,1,0,1,1,1,1,1,457803,2017_05_31_milmlb_nynmlb_1,300,2017-05-31,Mets,3,0,448855,58.0,48.0,30.0
380857,0,1,1,1,1,1,1,1,1,519166,2017_05_31_milmlb_nynmlb_1,301,2017-05-31,Mets,0,0,448855,58.0,48.0,30.0
380858,0,1,1,1,1,1,1,1,1,435522,2017_05_31_milmlb_nynmlb_1,400,2017-05-31,Mets,0,0,448855,58.0,48.0,30.0
380859,0,1,1,1,1,1,1,1,0,446263,2017_05_31_milmlb_nynmlb_1,500,2017-05-31,Mets,0,0,448855,58.0,48.0,30.0
380860,1,0,1,0,1,1,1,1,1,434158,2017_05_31_milmlb_nynmlb_1,600,2017-05-31,Mets,3,1,448855,58.0,48.0,30.0
380861,1,0,0,1,0,0,1,1,1,527038,2017_05_31_milmlb_nynmlb_1,700,2017-05-31,Mets,3,1,448855,58.0,48.0,30.0
380862,1,0,1,1,0,1,0,1,1,425784,2017_05_31_milmlb_nynmlb_1,800,2017-05-31,Mets,1,0,448855,58.0,48.0,30.0
380863,0,1,1,0,1,1,1,1,0,594798,2017_05_31_milmlb_nynmlb_1,900,2017-05-31,Mets,0,0,448855,58.0,48.0,30.0
380864,0,1,1,1,0,0,0,0,0,608061,2017_05_31_milmlb_nynmlb_1,901,2017-05-31,Mets,0,0,448855,58.0,48.0,30.0
380865,0,1,1,1,1,1,1,1,1,572831,2017_05_31_milmlb_nynmlb_1,902,2017-05-31,Mets,0,0,448855,58.0,48.0,30.0
380866,0,1,1,1,1,0,1,0,1,608703,2017_05_31_milmlb_nynmlb_1,903,2017-05-31,Mets,0,0,448855,58.0,48.0,30.0
380867,1,0,1,0,1,0,1,1,0,501571,2017_05_31_milmlb_nynmlb_1,904,2017-05-31,Mets,0,0,448855,58.0,48.0,30.0
380868,1,0,0,1,0,0,0,1,1,519299,2017_05_31_milmlb_nynmlb_1,100,2017-05-31,Brewers,0,0,594798,77.0,77.0,47.0
380869,1,0,1,0,0,0,0,0,1,519346,2017_05_31_milmlb_nynmlb_1,200,2017-05-31,Brewers,3,1,594798,77.0,77.0,47.0
380870,1,0,0,1,1,1,0,1,0,542583,2017_05_31_milmlb_nynmlb_1,300,2017-05-31,Brewers,0,0,594798,77.0,77.0,47.0
380871,1,0,1,1,1,1,1,1,0,543768,2017_05_31_milmlb_nynmlb_1,400,2017-05-31,Brewers,6,1,594798,77.0,77.0,47.0
380872,1,0,1,0,1,1,0,1,1,541650,2017_05_31_milmlb_nynmlb_1,500,2017-05-31,Brewers,6,2,594798,77.0,77.0,47.0
380873,1,0,1,0,1,1,1,0,1,444489,2017_05_31_milmlb_nynmlb_1,600,2017-05-31,Brewers,3,1,594798,77.0,77.0,47.0
380874,1,0,0,0,1,0,0,1,1,542979,2017_05_31_milmlb_nynmlb_1,700,2017-05-31,Brewers,3,1,594798,77.0,77.0,47.0
380875,1,0,1,1,1,1,1,1,1,606115,2017_05_31_milmlb_nynmlb_1,800,2017-05-31,Brewers,3,1,594798,77.0,77.0,47.0
380876,0,1,0,1,1,0,1,1,0,448855,2017_05_31_milmlb_nynmlb_1,900,2017-05-31,Brewers,0,0,594798,77.0,77.0,47.0
380877,0,1,0,0,0,0,0,0,1,545338,2017_05_31_milmlb_nynmlb_1,901,2017-05-31,Brewers,2,0,594798,77.0,77.0,47.0
380878,0,1,1,1,1,1,1,1,1,453172,2017_05_31_milmlb_nynmlb_1,902,2017-05-31,Brewers,0,0,594798,77.0,77.0,47.0
380879,0,1,1,1,1,1,1,1,1,543118,2017_05_31_milmlb_nynmlb_1,903,2017-05-31,Brewers,0,0,594798,77.0,77.0,47.0
380880,0,1,0,0,1,0,0,1,1,542340,2017_05_31_milmlb_nynmlb_1,904,2017-05-31,Brewers,6,2,594798,77.0,77.0,47.0
380881,0,1,1,1,1,1,1,1,1,543746,2017_05_31_milmlb_nynmlb_1,905,2017-05-31,Brewers,0,0,594798,77.0,77.0,47.0
380882,1,0,1,1,1,0,1,1,1,614173,2017_05_31_chnmlb_sdnmlb_1,100,2017-05-31,Padres,0,0,453562,49.0,67.0,41.0
380883,1,0,1,1,1,1,0,1,1,500208,2017_05_31_chnmlb_sdnmlb_1,200,2017-05-31,Padres,3,0,453562,49.0,67.0,41.0
380884,1,0,1,1,1,0,0,1,0,571976,2017_05_31_chnmlb_sdnmlb_1,300,2017-05-31,Padres,3,0,453562,49.0,67.0,41.0
380885,0,1,1,1,1,1,0,1,1,592669,2017_05_31_chnmlb_sdnmlb_1,400,2017-05-31,Padres,0,0,453562,49.0,67.0,41.0
380886,1,0,0,1,1,0,1,0,1,572114,2017_05_31_chnmlb_sdnmlb_1,500,2017-05-31,Padres,3,0,453562,49.0,67.0,41.0
380887,0,1,1,1,1,1,1,1,1,543506,2017_05_31_chnmlb_sdnmlb_1,501,2017-05-31,Padres,0,0,453562,49.0,67.0,41.0
380888,0,1,1,0,1,0,0,1,0,605486,2017_05_31_chnmlb_sdnmlb_1,600,2017-05-31,Padres,0,0,453562,49.0,67.0,41.0
380889,1,0,0,0,0,0,0,1,1,430947,2017_05_31_chnmlb_sdnmlb_1,700,2017-05-31,Padres,5,4,453562,49.0,67.0,41.0
380890,1,0,0,0,1,0,0,0,0,620443,2017_05_31_chnmlb_sdnmlb_1,800,2017-05-31,Padres,0,0,453562,49.0,67.0,41.0
380891,0,1,0,0,1,1,1,0,0,606131,2017_05_31_chnmlb_sdnmlb_1,900,2017-05-31,Padres,0,0,453562,49.0,67.0,41.0
380892,0,1,1,1,1,1,1,1,1,543272,2017_05_31_chnmlb_sdnmlb_1,901,2017-05-31,Padres,0,0,453562,49.0,67.0,41.0
380893,0,1,0,0,0,1,1,0,0,519333,2017_05_31_chnmlb_sdnmlb_1,902,2017-05-31,Padres,0,0,453562,49.0,67.0,41.0
380894,0,1,0,0,0,1,1,1,1,450314,2017_05_31_chnmlb_sdnmlb_1,100,2017-05-31,Cubs,1,1,606131,45.0,6.0,60.0
380895,0,1,0,1,0,0,1,0,1,546991,2017_05_31_chnmlb_sdnmlb_1,101,2017-05-31,Cubs,0,0,606131,45.0,6.0,60.0
380896,0,1,1,0,0,0,0,1,0,656941,2017_05_31_chnmlb_sdnmlb_1,200,2017-05-31,Cubs,0,0,606131,45.0,6.0,60.0
380897,1,0,1,0,1,0,0,1,0,592178,2017_05_31_chnmlb_sdnmlb_1,300,2017-05-31,Cubs,1,0,606131,45.0,6.0,60.0
380898,0,1,0,0,1,0,0,1,1,519203,2017_05_31_chnmlb_sdnmlb_1,400,2017-05-31,Cubs,1,0,606131,45.0,6.0,60.0
380899,0,1,0,0,0,1,0,1,0,664023,2017_05_31_chnmlb_sdnmlb_1,500,2017-05-31,Cubs,0,0,606131,45.0,6.0,60.0
380900,0,1,1,1,1,0,1,1,1,518792,2017_05_31_chnmlb_sdnmlb_1,600,2017-05-31,Cubs,1,0,606131,45.0,6.0,60.0
380901,1,0,1,1,1,0,0,0,1,575929,2017_05_31_chnmlb_sdnmlb_1,700,2017-05-31,Cubs,0,0,606131,45.0,6.0,60.0
380902,1,0,0,1,1,0,1,1,1,595879,2017_05_31_chnmlb_sdnmlb_1,800,2017-05-31,Cubs,1,0,606131,45.0,6.0,60.0
380903,0,1,0,0,0,1,1,0,0,453562,2017_05_31_chnmlb_sdnmlb_1,900,2017-05-31,Cubs,0,0,606131,45.0,6.0,60.0
380904,0,1,0,1,1,1,0,1,1,608365,2017_05_31_chnmlb_sdnmlb_1,901,2017-05-31,Cubs,2,1,606131,45.0,6.0,60.0
380905,0,1,1,1,1,1,1,1,1,605218,2017_05_31_chnmlb_sdnmlb_1,902,2017-05-31,Cubs,0,0,606131,45.0,6.0,60.0
380906,0,1,1,1,1,1,1,1,1,493157,2017_05_31_chnmlb_sdnmlb_1,903,2017-05-31,Cubs,0,0,606131,45.0,6.0,60.0
380907,1,0,0,1,1,1,1,1,1,572821,2017_05_31_houmlb_minmlb_1,100,2017-05-31,Twins,0,0,600944,58.0,42.0,34.0
380908,1,0,1,1,1,0,1,0,1,593871,2017_05_31_houmlb_minmlb_1,200,2017-05-31,Twins,0,0,600944,58.0,42.0,34.0
380909,1,0,1,1,0,1,0,1,1,596146,2017_05_31_houmlb_minmlb_1,300,2017-05-31,Twins,0,0,600944,58.0,42.0,34.0
380910,0,1,0,1,1,1,0,1,0,543257,2017_05_31_houmlb_minmlb_1,400,2017-05-31,Twins,0,0,600944,58.0,42.0,34.0
380911,1,0,1,1,1,0,1,1,1,501303,2017_05_31_houmlb_minmlb_1,401,2017-05-31,Twins,0,0,600944,58.0,42.0,34.0
380912,1,0,0,1,1,1,1,0,1,592696,2017_05_31_houmlb_minmlb_1,500,2017-05-31,Twins,0,0,600944,58.0,42.0,34.0
380913,0,1,0,1,1,1,1,0,0,500871,2017_05_31_houmlb_minmlb_1,600,2017-05-31,Twins,0,0,600944,58.0,42.0,34.0
380914,1,0,0,0,0,1,1,1,0,460269,2017_05_31_houmlb_minmlb_1,700,2017-05-31,Twins,1,0,600944,58.0,42.0,34.0
380915,1,0,1,1,1,1,1,0,1,488771,2017_05_31_houmlb_minmlb_1,800,2017-05-31,Twins,0,0,600944,58.0,42.0,34.0
380916,1,0,1,0,1,1,0,1,1,621439,2017_05_31_houmlb_minmlb_1,900,2017-05-31,Twins,0,0,600944,58.0,42.0,34.0
380917,0,1,1,1,1,1,1,1,1,502327,2017_05_31_houmlb_minmlb_1,0,2017-05-31,Twins,0,0,600944,58.0,42.0,34.0
380918,0,1,1,1,1,1,1,1,1,519151,2017_05_31_houmlb_minmlb_1,0,2017-05-31,Twins,0,0,600944,58.0,42.0,34.0
380919,0,1,1,1,1,1,1,1,1,608648,2017_05_31_houmlb_minmlb_1,0,2017-05-31,Twins,0,0,600944,58.0,42.0,34.0
380920,0,1,1,1,1,1,1,1,1,444520,2017_05_31_houmlb_minmlb_1,0,2017-05-31,Twins,0,0,600944,58.0,42.0,34.0
380921,0,1,1,1,1,1,1,1,1,605528,2017_05_31_houmlb_minmlb_1,0,2017-05-31,Twins,0,0,600944,58.0,42.0,34.0
380922,1,0,1,1,1,1,1,0,1,543807,2017_05_31_houmlb_minmlb_1,100,2017-05-31,Astros,19,2,502327,23.0,51.0,38.0
380923,1,0,1,1,1,1,0,1,1,514888,2017_05_31_houmlb_minmlb_1,200,2017-05-31,Astros,26,7,502327,23.0,51.0,38.0
380924,1,0,1,1,1,1,1,1,0,621043,2017_05_31_houmlb_minmlb_1,300,2017-05-31,Astros,14,4,502327,23.0,51.0,38.0
380925,1,0,0,0,1,1,1,0,1,594828,2017_05_31_houmlb_minmlb_1,400,2017-05-31,Astros,18,3,502327,23.0,51.0,38.0
380926,1,0,0,1,1,1,1,0,1,503556,2017_05_31_houmlb_minmlb_1,500,2017-05-31,Astros,16,3,502327,23.0,51.0,38.0
380927,1,0,1,1,0,1,0,1,1,493329,2017_05_31_houmlb_minmlb_1,600,2017-05-31,Astros,0,0,502327,23.0,51.0,38.0
380928,1,0,1,1,1,0,0,1,0,608324,2017_05_31_houmlb_minmlb_1,700,2017-05-31,Astros,3,1,502327,23.0,51.0,38.0
380929,1,0,0,1,1,1,0,0,0,493114,2017_05_31_houmlb_minmlb_1,800,2017-05-31,Astros,9,2,502327,23.0,51.0,38.0
380930,1,0,1,0,1,1,0,1,1,545350,2017_05_31_houmlb_minmlb_1,900,2017-05-31,Astros,13,1,502327,23.0,51.0,38.0
380931,0,1,1,1,1,1,1,1,1,600944,2017_05_31_houmlb_minmlb_1,0,2017-05-31,Astros,0,0,502327,23.0,51.0,38.0
380932,0,1,1,1,1,1,1,1,1,624586,2017_05_31_houmlb_minmlb_1,0,2017-05-31,Astros,0,0,502327,23.0,51.0,38.0
380933,0,1,1,1,1,1,0,1,1,448609,2017_05_31_houmlb_minmlb_1,0,2017-05-31,Astros,0,0,502327,23.0,51.0,38.0
380934,0,1,1,1,1,1,1,1,1,594056,2017_05_31_houmlb_minmlb_1,0,2017-05-31,Astros,0,0,502327,23.0,51.0,38.0
380935,0,1,1,1,1,1,1,0,1,593140,2017_05_31_houmlb_minmlb_1,0,2017-05-31,Astros,0,0,502327,23.0,51.0,38.0
380936,0,1,1,1,1,1,1,1,1,592743,2017_05_31_atlmlb_anamlb_1,100,2017-05-31,Angels,5,1,448802,73.0,67.0,44.0
380937,1,0,1,0,0,0,1,1,0,594777,2017_05_31_atlmlb_anamlb_1,200,2017-05-31,Angels,3,1,448802,73.0,67.0,44.0
380938,1,0,1,1,1,1,1,1,0,405395,2017_05_31_atlmlb_anamlb_1,300,2017-05-31,Angels,3,1,448802,73.0,67.0,44.0
380939,1,0,0,1,0,0,0,1,0,527043,2017_05_31_atlmlb_anamlb_1,400,2017-05-31,Angels,0,0,448802,73.0,67.0,44.0
380940,0,1,1,1,0,1,0,0,1,455117,2017_05_31_atlmlb_anamlb_1,500,2017-05-31,Angels,19,5,448802,73.0,67.0,44.0
380941,1,0,1,1,0,0,0,0,0,457787,2017_05_31_atlmlb_anamlb_1,600,2017-05-31,Angels,14,4,448802,73.0,67.0,44.0
380942,0,1,0,1,0,0,1,1,0,453203,2017_05_31_atlmlb_anamlb_1,700,2017-05-31,Angels,3,0,448802,73.0,67.0,44.0
380943,0,1,1,1,0,0,0,0,1,460060,2017_05_31_atlmlb_anamlb_1,800,2017-05-31,Angels,2,0,448802,73.0,67.0,44.0
380944,1,0,1,1,0,0,0,1,0,458913,2017_05_31_atlmlb_anamlb_1,900,2017-05-31,Angels,0,0,448802,73.0,67.0,44.0
380945,0,1,0,0,1,1,1,1,1,445926,2017_05_31_atlmlb_anamlb_1,0,2017-05-31,Angels,0,0,448802,73.0,67.0,44.0
380946,0,1,1,1,1,1,1,1,1,453284,2017_05_31_atlmlb_anamlb_1,0,2017-05-31,Angels,0,0,448802,73.0,67.0,44.0
380947,0,1,1,1,1,1,1,1,1,501625,2017_05_31_atlmlb_anamlb_1,0,2017-05-31,Angels,0,0,448802,73.0,67.0,44.0
380948,0,1,1,1,1,1,1,1,1,502032,2017_05_31_atlmlb_anamlb_1,0,2017-05-31,Angels,4,0,448802,73.0,67.0,44.0
380949,1,0,1,1,1,1,0,1,1,542255,2017_05_31_atlmlb_anamlb_1,100,2017-05-31,Braves,3,1,445926,17.0,31.0,60.0
380950,0,1,0,1,1,1,1,1,1,408252,2017_05_31_atlmlb_anamlb_1,200,2017-05-31,Braves,3,1,445926,17.0,31.0,60.0
380951,0,1,1,0,1,1,1,1,1,455976,2017_05_31_atlmlb_anamlb_1,300,2017-05-31,Braves,2,0,445926,17.0,31.0,60.0
380952,1,0,1,0,1,1,1,1,1,461314,2017_05_31_atlmlb_anamlb_1,400,2017-05-31,Braves,5,2,445926,17.0,31.0,60.0
380953,0,1,0,0,0,0,0,0,0,466988,2017_05_31_atlmlb_anamlb_1,401,2017-05-31,Braves,0,0,445926,17.0,31.0,60.0
380954,1,0,1,1,1,1,0,1,1,452095,2017_05_31_atlmlb_anamlb_1,500,2017-05-31,Braves,4,1,445926,17.0,31.0,60.0
380955,0,1,1,1,0,1,0,1,1,547004,2017_05_31_atlmlb_anamlb_1,600,2017-05-31,Braves,0,0,445926,17.0,31.0,60.0
380956,1,0,0,1,1,0,1,1,1,435559,2017_05_31_atlmlb_anamlb_1,700,2017-05-31,Braves,7,1,445926,17.0,31.0,60.0
380957,1,0,0,0,1,0,0,1,0,607054,2017_05_31_atlmlb_anamlb_1,800,2017-05-31,Braves,0,0,445926,17.0,31.0,60.0
380958,0,1,0,1,0,0,0,1,0,621020,2017_05_31_atlmlb_anamlb_1,900,2017-05-31,Braves,0,0,445926,17.0,31.0,60.0
380959,0,1,1,1,1,1,0,0,0,448802,2017_05_31_atlmlb_anamlb_1,0,2017-05-31,Braves,0,0,445926,17.0,31.0,60.0
380960,0,1,1,1,1,1,1,1,1,527055,2017_05_31_atlmlb_anamlb_1,0,2017-05-31,Braves,0,0,445926,17.0,31.0,60.0
380961,0,1,1,0,0,1,0,1,1,624428,2017_05_31_arimlb_pitmlb_1,100,2017-05-31,Pirates,0,0,643327,70.0,50.0,72.0
380962,0,1,1,0,1,1,1,1,1,543281,2017_05_31_arimlb_pitmlb_1,200,2017-05-31,Pirates,0,0,643327,70.0,50.0,72.0
380963,1,0,0,1,1,0,0,1,1,444379,2017_05_31_arimlb_pitmlb_1,300,2017-05-31,Pirates,0,0,643327,70.0,50.0,72.0
380964,1,0,0,0,1,1,0,1,1,501896,2017_05_31_arimlb_pitmlb_1,400,2017-05-31,Pirates,0,0,643327,70.0,50.0,72.0
380965,0,1,0,1,0,1,0,1,1,465041,2017_05_31_arimlb_pitmlb_1,500,2017-05-31,Pirates,1,0,643327,70.0,50.0,72.0
380966,0,1,1,0,0,0,0,1,1,593700,2017_05_31_arimlb_pitmlb_1,501,2017-05-31,Pirates,0,0,643327,70.0,50.0,72.0
380967,0,1,0,0,0,0,1,1,1,553869,2017_05_31_arimlb_pitmlb_1,502,2017-05-31,Pirates,0,0,643327,70.0,50.0,72.0
380968,1,0,1,1,1,1,1,1,0,457705,2017_05_31_arimlb_pitmlb_1,600,2017-05-31,Pirates,1,1,643327,70.0,50.0,72.0
380969,1,0,0,1,1,0,0,1,1,591741,2017_05_31_arimlb_pitmlb_1,700,2017-05-31,Pirates,0,0,643327,70.0,50.0,72.0
380970,0,1,1,1,1,1,1,1,1,504379,2017_05_31_arimlb_pitmlb_1,701,2017-05-31,Pirates,0,0,643327,70.0,50.0,72.0
380971,0,1,1,1,1,1,1,1,1,553878,2017_05_31_arimlb_pitmlb_1,702,2017-05-31,Pirates,0,0,643327,70.0,50.0,72.0
380972,0,1,0,1,0,1,1,1,0,547912,2017_05_31_arimlb_pitmlb_1,703,2017-05-31,Pirates,0,0,643327,70.0,50.0,72.0
380973,0,1,1,1,1,1,1,1,1,453265,2017_05_31_arimlb_pitmlb_1,704,2017-05-31,Pirates,0,0,643327,70.0,50.0,72.0
380974,0,1,1,1,1,1,1,1,1,592127,2017_05_31_arimlb_pitmlb_1,705,2017-05-31,Pirates,0,0,643327,70.0,50.0,72.0
380975,0,1,0,0,0,0,1,0,1,543037,2017_05_31_arimlb_pitmlb_1,706,2017-05-31,Pirates,0,0,643327,70.0,50.0,72.0
380976,0,1,1,1,1,1,0,1,1,501697,2017_05_31_arimlb_pitmlb_1,707,2017-05-31,Pirates,0,0,643327,70.0,50.0,72.0
380977,1,0,0,1,0,1,1,1,1,474568,2017_05_31_arimlb_pitmlb_1,800,2017-05-31,Pirates,0,0,643327,70.0,50.0,72.0
380978,0,1,0,0,0,0,0,0,1,641771,2017_05_31_arimlb_pitmlb_1,900,2017-05-31,Pirates,0,0,643327,70.0,50.0,72.0
380979,1,0,1,1,1,1,1,1,1,570256,2017_05_31_arimlb_pitmlb_1,901,2017-05-31,Pirates,1,0,643327,70.0,50.0,72.0
380980,0,1,1,0,1,1,1,0,0,607192,2017_05_31_arimlb_pitmlb_1,902,2017-05-31,Pirates,0,0,643327,70.0,50.0,72.0
380981,0,1,1,1,1,1,1,1,1,543339,2017_05_31_arimlb_pitmlb_1,903,2017-05-31,Pirates,0,0,643327,70.0,50.0,72.0
380982,0,1,1,1,1,1,1,1,1,453281,2017_05_31_arimlb_pitmlb_1,904,2017-05-31,Pirates,0,0,643327,70.0,50.0,72.0
380983,0,1,0,0,1,1,0,1,0,605137,2017_05_31_arimlb_pitmlb_1,905,2017-05-31,Pirates,0,0,643327,70.0,50.0,72.0
380984,1,0,1,1,0,0,1,1,1,453923,2017_05_31_arimlb_pitmlb_1,100,2017-05-31,D-backs,0,0,641771,26.0,69.0,21.0
380985,1,0,0,1,1,0,1,1,1,444482,2017_05_31_arimlb_pitmlb_1,200,2017-05-31,D-backs,0,0,641771,26.0,69.0,21.0
380986,1,0,1,0,0,1,0,1,1,502671,2017_05_31_arimlb_pitmlb_1,300,2017-05-31,D-backs,0,0,641771,26.0,69.0,21.0
380987,1,0,1,1,1,0,1,0,1,571875,2017_05_31_arimlb_pitmlb_1,400,2017-05-31,D-backs,0,0,641771,26.0,69.0,21.0
380988,1,0,1,0,1,1,1,1,0,572008,2017_05_31_arimlb_pitmlb_1,500,2017-05-31,D-backs,0,0,641771,26.0,69.0,21.0
380989,0,1,1,1,1,0,1,1,1,455104,2017_05_31_arimlb_pitmlb_1,600,2017-05-31,D-backs,0,0,641771,26.0,69.0,21.0
380990,1,0,1,1,0,0,1,1,0,518614,2017_05_31_arimlb_pitmlb_1,700,2017-05-31,D-backs,0,0,641771,26.0,69.0,21.0
380991,0,1,1,0,1,0,1,1,0,571681,2017_05_31_arimlb_pitmlb_1,701,2017-05-31,D-backs,0,0,641771,26.0,69.0,21.0
380992,1,0,0,1,1,1,0,1,0,605113,2017_05_31_arimlb_pitmlb_1,800,2017-05-31,D-backs,0,0,641771,26.0,69.0,21.0
380993,0,1,0,0,1,0,0,1,1,643327,2017_05_31_arimlb_pitmlb_1,900,2017-05-31,D-backs,0,0,641771,26.0,69.0,21.0
380994,0,1,1,1,0,0,1,1,1,630111,2017_05_31_arimlb_pitmlb_1,901,2017-05-31,D-backs,0,0,641771,26.0,69.0,21.0
380995,0,1,1,1,1,1,1,1,1,605151,2017_05_31_arimlb_pitmlb_1,902,2017-05-31,D-backs,0,0,641771,26.0,69.0,21.0
380996,1,0,1,0,1,0,1,1,1,592273,2017_05_31_arimlb_pitmlb_1,903,2017-05-31,D-backs,0,0,641771,26.0,69.0,21.0
380997,0,1,1,1,1,1,1,1,1,407845,2017_05_31_arimlb_pitmlb_1,904,2017-05-31,D-backs,0,0,641771,26.0,69.0,21.0
380998,0,1,1,1,1,1,1,1,1,407822,2017_05_31_arimlb_pitmlb_1,905,2017-05-31,D-backs,0,0,641771,26.0,69.0,21.0
380999,0,1,0,0,0,0,0,0,1,543302,2017_05_31_arimlb_pitmlb_1,906,2017-05-31,D-backs,0,0,641771,26.0,69.0,21.0
381000,0,1,1,1,1,1,1,1,1,543331,2017_05_31_arimlb_pitmlb_1,907,2017-05-31,D-backs,0,0,641771,26.0,69.0,21.0
381001,0,1,0,1,1,1,1,1,1,519008,2017_05_31_arimlb_pitmlb_1,908,2017-05-31,D-backs,0,0,641771,26.0,69.0,21.0
381002,1,0,1,1,0,1,0,1,1,544725,2017_05_31_bosmlb_chamlb_1,100,2017-05-31,White Sox,2,1,519141,65.0,50.0,43.0
381003,0,1,1,1,1,0,1,1,1,466320,2017_05_31_bosmlb_chamlb_1,200,2017-05-31,White Sox,6,2,519141,65.0,50.0,43.0
381004,0,1,1,0,1,1,1,1,1,547989,2017_05_31_bosmlb_chamlb_1,300,2017-05-31,White Sox,3,1,519141,65.0,50.0,43.0
381005,1,0,1,0,1,0,0,0,0,453943,2017_05_31_bosmlb_chamlb_1,400,2017-05-31,White Sox,2,0,519141,65.0,50.0,43.0
381006,1,0,1,0,1,0,1,0,1,541645,2017_05_31_bosmlb_chamlb_1,500,2017-05-31,White Sox,0,0,519141,65.0,50.0,43.0
381007,1,0,0,1,1,1,1,1,1,571602,2017_05_31_bosmlb_chamlb_1,600,2017-05-31,White Sox,1,0,519141,65.0,50.0,43.0
381008,1,0,1,0,0,1,1,1,1,641313,2017_05_31_bosmlb_chamlb_1,700,2017-05-31,White Sox,0,0,519141,65.0,50.0,43.0
381009,0,1,1,1,1,0,1,1,1,607345,2017_05_31_bosmlb_chamlb_1,800,2017-05-31,White Sox,0,0,519141,65.0,50.0,43.0
381010,0,1,1,1,0,0,1,1,1,553882,2017_05_31_bosmlb_chamlb_1,801,2017-05-31,White Sox,0,0,519141,65.0,50.0,43.0
381011,0,1,0,1,1,1,1,1,0,570560,2017_05_31_bosmlb_chamlb_1,900,2017-05-31,White Sox,0,0,519141,65.0,50.0,43.0
381012,0,1,1,1,1,1,1,1,1,460059,2017_05_31_bosmlb_chamlb_1,0,2017-05-31,White Sox,0,0,519141,65.0,50.0,43.0
381013,0,1,1,1,1,1,1,1,1,461872,2017_05_31_bosmlb_chamlb_1,0,2017-05-31,White Sox,0,0,519141,65.0,50.0,43.0
381014,0,1,1,1,1,1,1,1,1,571476,2017_05_31_bosmlb_chamlb_1,0,2017-05-31,White Sox,0,0,519141,65.0,50.0,43.0
381015,0,1,1,1,1,1,1,1,1,500872,2017_05_31_bosmlb_chamlb_1,0,2017-05-31,White Sox,0,0,519141,65.0,50.0,43.0
381016,0,1,1,1,0,0,0,1,1,605141,2017_05_31_bosmlb_chamlb_1,100,2017-05-31,Red Sox,9,4,460059,55.0,68.0,34.0
381017,0,1,0,0,1,0,1,1,1,643217,2017_05_31_bosmlb_chamlb_1,200,2017-05-31,Red Sox,0,0,460059,55.0,68.0,34.0
381018,1,0,1,0,1,1,1,1,1,593428,2017_05_31_bosmlb_chamlb_1,300,2017-05-31,Red Sox,9,2,460059,55.0,68.0,34.0
381019,1,0,1,0,0,1,0,1,1,519048,2017_05_31_bosmlb_chamlb_1,400,2017-05-31,Red Sox,11,3,460059,55.0,68.0,34.0
381020,1,0,1,0,0,1,1,1,0,598265,2017_05_31_bosmlb_chamlb_1,500,2017-05-31,Red Sox,2,1,460059,55.0,68.0,34.0
381021,0,1,1,1,1,0,1,0,1,592710,2017_05_31_bosmlb_chamlb_1,600,2017-05-31,Red Sox,0,0,460059,55.0,68.0,34.0
381022,1,0,0,1,0,1,1,1,1,467055,2017_05_31_bosmlb_chamlb_1,700,2017-05-31,Red Sox,10,1,460059,55.0,68.0,34.0
381023,1,0,1,1,1,1,1,1,1,543877,2017_05_31_bosmlb_chamlb_1,800,2017-05-31,Red Sox,0,0,460059,55.0,68.0,34.0
381024,0,1,1,0,1,0,1,1,1,571918,2017_05_31_bosmlb_chamlb_1,900,2017-05-31,Red Sox,0,0,460059,55.0,68.0,34.0
381025,0,1,1,1,1,0,1,1,1,519141,2017_05_31_bosmlb_chamlb_1,0,2017-05-31,Red Sox,0,0,460059,55.0,68.0,34.0
381026,0,1,1,1,1,1,1,1,1,598264,2017_05_31_bosmlb_chamlb_1,0,2017-05-31,Red Sox,0,0,460059,55.0,68.0,34.0
381027,0,1,1,1,1,1,1,1,1,518886,2017_05_31_bosmlb_chamlb_1,0,2017-05-31,Red Sox,0,0,460059,55.0,68.0,34.0
381028,1,0,1,0,1,0,1,1,0,516416,2017_05_31_colmlb_seamlb_1,100,2017-05-31,Mariners,0,0,622608,81.0,39.0,31.0
381029,1,0,1,1,1,0,1,0,1,592325,2017_05_31_colmlb_seamlb_1,200,2017-05-31,Mariners,0,0,622608,81.0,39.0,31.0
381030,0,1,1,1,1,0,0,1,1,429664,2017_05_31_colmlb_seamlb_1,300,2017-05-31,Mariners,0,0,622608,81.0,39.0,31.0
381031,1,0,1,0,1,0,0,1,0,443558,2017_05_31_colmlb_seamlb_1,400,2017-05-31,Mariners,0,0,622608,81.0,39.0,31.0
381032,1,0,1,1,1,0,1,1,1,572122,2017_05_31_colmlb_seamlb_1,500,2017-05-31,Mariners,0,0,622608,81.0,39.0,31.0
381033,1,0,0,1,1,1,1,1,1,502143,2017_05_31_colmlb_seamlb_1,600,2017-05-31,Mariners,0,0,622608,81.0,39.0,31.0
381034,1,0,1,0,1,1,1,1,1,628338,2017_05_31_colmlb_seamlb_1,700,2017-05-31,Mariners,0,0,622608,81.0,39.0,31.0
381035,0,1,1,0,1,1,1,1,0,502481,2017_05_31_colmlb_seamlb_1,800,2017-05-31,Mariners,0,0,622608,81.0,39.0,31.0
381036,1,0,1,1,0,0,0,0,1,572287,2017_05_31_colmlb_seamlb_1,900,2017-05-31,Mariners,0,0,622608,81.0,39.0,31.0
381037,0,1,1,1,1,1,1,1,1,572020,2017_05_31_colmlb_seamlb_1,0,2017-05-31,Mariners,0,0,622608,81.0,39.0,31.0
381038,0,1,1,1,1,1,1,1,1,518553,2017_05_31_colmlb_seamlb_1,0,2017-05-31,Mariners,0,0,622608,81.0,39.0,31.0
381039,0,1,1,1,1,1,1,1,1,572021,2017_05_31_colmlb_seamlb_1,0,2017-05-31,Mariners,0,0,622608,81.0,39.0,31.0
381040,0,1,1,1,1,1,1,1,1,543883,2017_05_31_colmlb_seamlb_1,0,2017-05-31,Mariners,0,0,622608,81.0,39.0,31.0
381041,1,0,1,1,1,0,1,1,1,453568,2017_05_31_colmlb_seamlb_1,100,2017-05-31,Rockies,2,0,572020,52.0,81.0,39.0
381042,1,0,1,1,1,0,1,0,1,518934,2017_05_31_colmlb_seamlb_1,200,2017-05-31,Rockies,2,0,572020,52.0,81.0,39.0
381043,0,1,0,1,0,0,1,1,1,571448,2017_05_31_colmlb_seamlb_1,300,2017-05-31,Rockies,2,0,572020,52.0,81.0,39.0
381044,0,1,1,0,1,1,1,0,1,448602,2017_05_31_colmlb_seamlb_1,400,2017-05-31,Rockies,0,0,572020,52.0,81.0,39.0
381045,0,1,1,1,1,1,1,1,1,435622,2017_05_31_colmlb_seamlb_1,500,2017-05-31,Rockies,9,0,572020,52.0,81.0,39.0
381046,0,1,1,0,1,0,0,1,1,471865,2017_05_31_colmlb_seamlb_1,600,2017-05-31,Rockies,2,0,572020,52.0,81.0,39.0
381047,0,1,1,1,0,1,1,1,1,596115,2017_05_31_colmlb_seamlb_1,700,2017-05-31,Rockies,0,0,572020,52.0,81.0,39.0
381048,0,1,1,0,1,0,1,1,1,642162,2017_05_31_colmlb_seamlb_1,800,2017-05-31,Rockies,0,0,572020,52.0,81.0,39.0
381049,1,0,0,0,1,0,1,1,0,547172,2017_05_31_colmlb_seamlb_1,900,2017-05-31,Rockies,0,0,572020,52.0,81.0,39.0
381050,0,1,0,1,0,1,1,1,0,622608,2017_05_31_colmlb_seamlb_1,0,2017-05-31,Rockies,0,0,572020,52.0,81.0,39.0
381051,0,1,1,1,1,1,1,1,1,543475,2017_05_31_colmlb_seamlb_1,0,2017-05-31,Rockies,0,0,572020,52.0,81.0,39.0
381052,0,1,1,1,1,1,1,1,1,445197,2017_05_31_colmlb_seamlb_1,0,2017-05-31,Rockies,0,0,572020,52.0,81.0,39.0
381053,0,1,1,1,1,1,1,1,1,608032,2017_05_31_colmlb_seamlb_1,0,2017-05-31,Rockies,0,0,572020,52.0,81.0,39.0
381054,1,0,1,1,0,1,0,1,0,444876,2017_05_31_detmlb_kcamlb_1,100,2017-05-31,Royals,8,2,571510,40.0,27.0,8.0
381055,1,0,1,0,1,1,1,0,1,456715,2017_05_31_detmlb_kcamlb_1,200,2017-05-31,Royals,13,4,571510,40.0,27.0,8.0
381056,1,0,1,1,1,0,1,0,0,543333,2017_05_31_detmlb_kcamlb_1,300,2017-05-31,Royals,11,3,571510,40.0,27.0,8.0
381057,1,0,0,1,1,0,0,0,1,521692,2017_05_31_detmlb_kcamlb_1,400,2017-05-31,Royals,11,3,571510,40.0,27.0,8.0
381058,1,0,1,0,1,1,1,0,1,593528,2017_05_31_detmlb_kcamlb_1,500,2017-05-31,Royals,0,0,571510,40.0,27.0,8.0
381059,1,0,1,1,1,1,1,1,1,593160,2017_05_31_detmlb_kcamlb_1,600,2017-05-31,Royals,4,3,571510,40.0,27.0,8.0
381060,1,0,1,0,1,1,1,0,0,596144,2017_05_31_detmlb_kcamlb_1,700,2017-05-31,Royals,3,1,571510,40.0,27.0,8.0
381061,0,1,0,0,0,1,0,1,1,460077,2017_05_31_detmlb_kcamlb_1,800,2017-05-31,Royals,0,0,571510,40.0,27.0,8.0
381062,1,0,0,1,0,1,0,1,1,460086,2017_05_31_detmlb_kcamlb_1,900,2017-05-31,Royals,4,0,571510,40.0,27.0,8.0
381063,0,1,1,1,1,1,1,1,1,453178,2017_05_31_detmlb_kcamlb_1,0,2017-05-31,Royals,0,0,571510,40.0,27.0,8.0
381064,0,1,1,1,1,1,1,1,1,595307,2017_05_31_detmlb_kcamlb_1,0,2017-05-31,Royals,0,0,571510,40.0,27.0,8.0
381065,0,1,1,0,1,0,1,1,1,432934,2017_05_31_detmlb_kcamlb_1,0,2017-05-31,Royals,0,0,571510,40.0,27.0,8.0
381066,0,1,1,1,1,1,1,1,1,621381,2017_05_31_detmlb_kcamlb_1,0,2017-05-31,Royals,0,0,571510,40.0,27.0,8.0
381067,0,1,1,1,1,1,1,0,0,461865,2017_05_31_detmlb_kcamlb_1,100,2017-05-31,Tigers,0,0,453178,46.0,14.0,28.0
381068,1,0,0,0,1,0,1,1,0,488671,2017_05_31_detmlb_kcamlb_1,200,2017-05-31,Tigers,11,2,453178,46.0,14.0,28.0
381069,1,0,0,1,1,0,0,1,1,408234,2017_05_31_detmlb_kcamlb_1,300,2017-05-31,Tigers,11,3,453178,46.0,14.0,28.0
381070,1,0,1,1,0,1,0,1,1,400121,2017_05_31_detmlb_kcamlb_1,400,2017-05-31,Tigers,9,1,453178,46.0,14.0,28.0
381071,1,0,0,1,0,0,0,0,1,502110,2017_05_31_detmlb_kcamlb_1,500,2017-05-31,Tigers,6,2,453178,46.0,14.0,28.0
381072,1,0,0,1,1,0,1,1,1,457708,2017_05_31_detmlb_kcamlb_1,600,2017-05-31,Tigers,19,3,453178,46.0,14.0,28.0
381073,1,0,0,0,0,1,1,0,1,543484,2017_05_31_detmlb_kcamlb_1,601,2017-05-31,Tigers,0,0,453178,46.0,14.0,28.0
381074,1,0,0,0,0,0,1,1,0,592206,2017_05_31_detmlb_kcamlb_1,700,2017-05-31,Tigers,8,1,453178,46.0,14.0,28.0
381075,0,1,1,1,1,1,1,0,1,553988,2017_05_31_detmlb_kcamlb_1,701,2017-05-31,Tigers,2,0,453178,46.0,14.0,28.0
381076,0,1,1,1,1,0,1,1,0,502100,2017_05_31_detmlb_kcamlb_1,800,2017-05-31,Tigers,3,0,453178,46.0,14.0,28.0
381077,1,0,1,1,0,1,0,1,1,578428,2017_05_31_detmlb_kcamlb_1,900,2017-05-31,Tigers,5,3,453178,46.0,14.0,28.0
381078,0,1,1,1,1,1,1,1,1,571510,2017_05_31_detmlb_kcamlb_1,0,2017-05-31,Tigers,0,0,453178,46.0,14.0,28.0
381079,0,1,1,1,1,1,1,1,1,599683,2017_05_31_detmlb_kcamlb_1,0,2017-05-31,Tigers,0,0,453178,46.0,14.0,28.0
381080,0,1,1,1,1,1,1,1,1,572888,2017_05_31_detmlb_kcamlb_1,0,2017-05-31,Tigers,0,0,453178,46.0,14.0,28.0
381081,0,1,1,1,1,1,1,1,1,543935,2017_05_31_detmlb_kcamlb_1,0,2017-05-31,Tigers,0,0,453178,46.0,14.0,28.0
381082,0,1,1,1,1,1,1,1,1,458677,2017_05_31_detmlb_kcamlb_1,0,2017-05-31,Tigers,0,0,453178,46.0,14.0,28.0
381083,0,1,1,0,1,1,0,1,0,543401,2017_05_31_oakmlb_clemlb_1,100,2017-05-31,Indians,3,0,640455,80.0,48.0,45.0
381084,1,0,0,0,1,1,1,1,1,596019,2017_05_31_oakmlb_clemlb_1,200,2017-05-31,Indians,3,0,640455,80.0,48.0,45.0
381085,0,1,1,1,1,1,1,1,1,488726,2017_05_31_oakmlb_clemlb_1,300,2017-05-31,Indians,0,0,640455,80.0,48.0,45.0
381086,0,1,1,1,1,0,0,1,1,467793,2017_05_31_oakmlb_clemlb_1,400,2017-05-31,Indians,3,0,640455,80.0,48.0,45.0
381087,1,0,1,1,1,1,1,1,1,429665,2017_05_31_oakmlb_clemlb_1,500,2017-05-31,Indians,2,0,640455,80.0,48.0,45.0
381088,0,1,1,1,1,1,1,1,1,608070,2017_05_31_oakmlb_clemlb_1,600,2017-05-31,Indians,3,0,640455,80.0,48.0,45.0
381089,0,1,1,1,0,0,1,0,1,457706,2017_05_31_oakmlb_clemlb_1,700,2017-05-31,Indians,0,0,640455,80.0,48.0,45.0
381090,0,1,1,0,0,0,1,0,1,543228,2017_05_31_oakmlb_clemlb_1,800,2017-05-31,Indians,0,0,640455,80.0,48.0,45.0
381091,1,0,1,0,1,1,0,1,1,543706,2017_05_31_oakmlb_clemlb_1,900,2017-05-31,Indians,0,0,640455,80.0,48.0,45.0
381092,0,1,1,1,1,0,1,1,0,605548,2017_05_31_oakmlb_clemlb_1,901,2017-05-31,Indians,0,0,640455,80.0,48.0,45.0
381093,0,1,1,1,1,1,1,1,1,605182,2017_05_31_oakmlb_clemlb_1,0,2017-05-31,Indians,0,0,640455,80.0,48.0,45.0
381094,0,1,1,1,1,1,1,1,1,502083,2017_05_31_oakmlb_clemlb_1,0,2017-05-31,Indians,0,0,640455,80.0,48.0,45.0
381095,0,1,1,1,1,1,1,1,1,519096,2017_05_31_oakmlb_clemlb_1,0,2017-05-31,Indians,0,0,640455,80.0,48.0,45.0
381096,1,0,0,0,1,0,0,1,0,459964,2017_05_31_oakmlb_clemlb_1,100,2017-05-31,Athletics,0,0,605182,34.0,82.0,43.0
381097,1,0,0,0,0,1,1,0,0,592192,2017_05_31_oakmlb_clemlb_1,200,2017-05-31,Athletics,0,0,605182,34.0,82.0,43.0
381098,0,1,1,0,0,0,1,1,1,476704,2017_05_31_oakmlb_clemlb_1,300,2017-05-31,Athletics,0,0,605182,34.0,82.0,43.0
381099,0,1,1,1,1,0,1,1,1,501981,2017_05_31_oakmlb_clemlb_1,400,2017-05-31,Athletics,1,0,605182,34.0,82.0,43.0
381100,1,0,1,1,1,1,0,0,0,475174,2017_05_31_oakmlb_clemlb_1,500,2017-05-31,Athletics,0,0,605182,34.0,82.0,43.0
381101,0,1,1,1,1,1,0,1,1,592387,2017_05_31_oakmlb_clemlb_1,600,2017-05-31,Athletics,1,1,605182,34.0,82.0,43.0
381102,0,1,1,1,0,1,1,0,0,519390,2017_05_31_oakmlb_clemlb_1,700,2017-05-31,Athletics,0,0,605182,34.0,82.0,43.0
381103,0,1,0,1,0,1,1,1,1,572033,2017_05_31_oakmlb_clemlb_1,701,2017-05-31,Athletics,0,0,605182,34.0,82.0,43.0
381104,0,1,0,0,1,1,1,0,0,461858,2017_05_31_oakmlb_clemlb_1,800,2017-05-31,Athletics,0,0,605182,34.0,82.0,43.0
381105,1,0,0,0,1,0,1,1,0,640461,2017_05_31_oakmlb_clemlb_1,900,2017-05-31,Athletics,1,0,605182,34.0,82.0,43.0
381106,0,1,1,0,1,1,0,0,0,489267,2017_05_31_oakmlb_clemlb_1,901,2017-05-31,Athletics,0,0,605182,34.0,82.0,43.0
381107,0,1,1,1,1,1,1,1,1,640455,2017_05_31_oakmlb_clemlb_1,0,2017-05-31,Athletics,0,0,605182,34.0,82.0,43.0
381108,0,1,1,1,1,1,1,1,1,425492,2017_05_31_oakmlb_clemlb_1,0,2017-05-31,Athletics,0,0,605182,34.0,82.0,43.0
381109,0,1,1,1,1,1,1,1,1,433586,2017_05_31_oakmlb_clemlb_1,0,2017-05-31,Athletics,0,0,605182,34.0,82.0,43.0
381110,1,0,0,1,1,0,0,0,1,452234,2017_05_31_nyamlb_balmlb_1,100,2017-05-31,Orioles,14,3,547888,84.0,2.0,-11.0
381111,1,0,0,0,0,1,1,1,0,430945,2017_05_31_nyamlb_balmlb_1,200,2017-05-31,Orioles,16,4,547888,84.0,2.0,-11.0
381112,0,1,0,0,0,1,1,1,0,592518,2017_05_31_nyamlb_balmlb_1,300,2017-05-31,Orioles,18,4,547888,84.0,2.0,-11.0
381113,1,0,0,1,1,1,0,0,0,444432,2017_05_31_nyamlb_balmlb_1,400,2017-05-31,Orioles,6,0,547888,84.0,2.0,-11.0
381114,1,0,1,0,0,1,0,1,0,448801,2017_05_31_nyamlb_balmlb_1,500,2017-05-31,Orioles,18,3,547888,84.0,2.0,-11.0
381115,0,1,1,1,0,0,1,0,1,641820,2017_05_31_nyamlb_balmlb_1,600,2017-05-31,Orioles,0,0,547888,84.0,2.0,-11.0
381116,0,1,1,1,1,1,1,1,1,572073,2017_05_31_nyamlb_balmlb_1,601,2017-05-31,Orioles,0,0,547888,84.0,2.0,-11.0
381117,1,0,1,1,1,0,1,1,1,570731,2017_05_31_nyamlb_balmlb_1,700,2017-05-31,Orioles,18,3,547888,84.0,2.0,-11.0
381118,1,0,1,0,0,1,0,0,1,543376,2017_05_31_nyamlb_balmlb_1,800,2017-05-31,Orioles,3,0,547888,84.0,2.0,-11.0
381119,1,0,1,0,0,1,1,1,0,429666,2017_05_31_nyamlb_balmlb_1,900,2017-05-31,Orioles,11,2,547888,84.0,2.0,-11.0
381120,0,1,1,1,1,1,1,1,1,592332,2017_05_31_nyamlb_balmlb_1,0,2017-05-31,Orioles,0,0,547888,84.0,2.0,-11.0
381121,0,1,1,1,1,1,1,1,1,571710,2017_05_31_nyamlb_balmlb_1,0,2017-05-31,Orioles,0,0,547888,84.0,2.0,-11.0
381122,0,1,1,1,1,1,1,1,1,503285,2017_05_31_nyamlb_balmlb_1,0,2017-05-31,Orioles,0,0,547888,84.0,2.0,-11.0
381123,0,1,1,1,1,1,1,1,1,605541,2017_05_31_nyamlb_balmlb_1,0,2017-05-31,Orioles,0,0,547888,84.0,2.0,-11.0
381124,1,0,1,1,1,0,0,1,1,458731,2017_05_31_nyamlb_balmlb_1,100,2017-05-31,Yankees,35,11,592332,48.0,47.0,20.0
381125,1,0,1,1,1,0,1,1,1,543305,2017_05_31_nyamlb_balmlb_1,200,2017-05-31,Yankees,16,4,592332,48.0,47.0,20.0
381126,1,0,1,0,0,1,0,1,1,407812,2017_05_31_nyamlb_balmlb_1,300,2017-05-31,Yankees,9,3,592332,48.0,47.0,20.0
381127,1,0,1,0,1,1,1,0,1,516770,2017_05_31_nyamlb_balmlb_1,400,2017-05-31,Yankees,20,7,592332,48.0,47.0,20.0
381128,1,0,1,1,1,0,1,1,1,592450,2017_05_31_nyamlb_balmlb_1,500,2017-05-31,Yankees,8,2,592332,48.0,47.0,20.0
381129,0,1,1,1,0,0,1,0,0,452104,2017_05_31_nyamlb_balmlb_1,600,2017-05-31,Yankees,17,3,592332,48.0,47.0,20.0
381130,1,0,1,0,0,1,1,0,0,591720,2017_05_31_nyamlb_balmlb_1,700,2017-05-31,Yankees,12,5,592332,48.0,47.0,20.0
381131,1,0,1,0,0,0,0,0,1,519222,2017_05_31_nyamlb_balmlb_1,800,2017-05-31,Yankees,4,1,592332,48.0,47.0,20.0
381132,1,0,0,0,0,0,1,1,1,608701,2017_05_31_nyamlb_balmlb_1,900,2017-05-31,Yankees,6,1,592332,48.0,47.0,20.0
381133,0,1,1,1,1,0,1,1,1,547888,2017_05_31_nyamlb_balmlb_1,0,2017-05-31,Yankees,0,0,592332,48.0,47.0,20.0
381134,0,1,1,1,1,1,1,1,1,518927,2017_05_31_nyamlb_balmlb_1,0,2017-05-31,Yankees,0,0,592332,48.0,47.0,20.0
381135,0,1,1,1,1,1,1,1,1,606149,2017_05_31_nyamlb_balmlb_1,0,2017-05-31,Yankees,0,0,592332,48.0,47.0,20.0
381136,0,1,1,1,1,1,1,1,1,656547,2017_05_31_nyamlb_balmlb_1,0,2017-05-31,Yankees,0,0,592332,48.0,47.0,20.0
